{"cameraMode":{"drawMode":0,"name":"Shaded","section":"Shading Mode"},"sceneLighting":false,"audioPlay":false,"sceneViewState":{"m_AlwaysRefresh":false,"showFog":true,"showSkybox":false,"showFlares":true,"showImageEffects":true,"showParticleSystems":true,"showVisualEffectGraphs":true,"m_FxEnabled":true},"in2DMode":false,"pivot":{"x":2.9802322387695315e-8,"y":0.09999999403953552,"z":-5.960464477539063e-8},"rotation":{"x":0.3008338212966919,"y":-0.6581567525863648,"z":0.32526251673698428,"w":0.608721911907196},"size":0.7294272184371948,"orthographic":true}