{"cameraMode":{"drawMode":0,"name":"Shaded","section":"Shading Mode"},"sceneLighting":false,"audioPlay":false,"sceneViewState":{"m_AlwaysRefresh":false,"showFog":true,"showSkybox":false,"showFlares":true,"showImageEffects":true,"showParticleSystems":true,"showVisualEffectGraphs":true,"m_FxEnabled":true},"in2DMode":false,"pivot":{"x":0.12930965423583985,"y":0.07373642921447754,"z":-0.06706905364990235},"rotation":{"x":-0.009805988520383835,"y":0.9789713025093079,"z":-0.04849857836961746,"w":-0.1979386955499649},"size":2.7743191719055177,"orthographic":true}