{"cameraMode":{"drawMode":0,"name":"Shaded","section":"Shading Mode"},"sceneLighting":false,"audioPlay":false,"sceneViewState":{"m_AlwaysRefresh":false,"showFog":true,"showSkybox":false,"showFlares":true,"showImageEffects":true,"showParticleSystems":true,"showVisualEffectGraphs":true,"m_FxEnabled":true},"in2DMode":false,"pivot":{"x":0.296115905046463,"y":0.6144391298294067,"z":-0.39032286405563357},"rotation":{"x":-0.0003944970085285604,"y":0.9985967874526978,"z":-0.05247459560632706,"w":-0.007490194868296385},"size":2.498102903366089,"orthographic":true}