{"cameraMode":{"drawMode":0,"name":"Shaded","section":"Shading Mode"},"sceneLighting":false,"audioPlay":false,"sceneViewState":{"m_AlwaysRefresh":false,"showFog":true,"showSkybox":false,"showFlares":true,"showImageEffects":true,"showParticleSystems":true,"showVisualEffectGraphs":true,"m_FxEnabled":true},"in2DMode":false,"pivot":{"x":4.135706901550293,"y":2.7148208618164064,"z":11.323197364807129},"rotation":{"x":0.03883107006549835,"y":-0.9044569730758667,"z":0.08435789495706558,"w":0.4163346290588379},"size":3.699662208557129,"orthographic":true}