{"cameraMode":{"drawMode":0,"name":"Shaded","section":"Shading Mode"},"sceneLighting":false,"audioPlay":false,"sceneViewState":{"m_AlwaysRefresh":false,"showFog":true,"showSkybox":false,"showFlares":true,"showImageEffects":true,"showParticleSystems":true,"showVisualEffectGraphs":true,"m_FxEnabled":true},"in2DMode":false,"pivot":{"x":-1.0851308107376099,"y":0.14648495614528657,"z":-1.2534734010696412},"rotation":{"x":0.03883107006549835,"y":-0.9044569730758667,"z":0.08435789495706558,"w":0.4163346290588379},"size":0.25980767607688906,"orthographic":true}