{"cameraMode":{"drawMode":0,"name":"Shaded","section":"Shading Mode"},"sceneLighting":false,"audioPlay":false,"sceneViewState":{"m_AlwaysRefresh":false,"showFog":true,"showSkybox":false,"showFlares":true,"showImageEffects":true,"showParticleSystems":true,"showVisualEffectGraphs":true,"m_FxEnabled":true},"in2DMode":false,"pivot":{"x":0.7321198582649231,"y":0.5613689422607422,"z":-1017.2146606445313},"rotation":{"x":0.000879477069247514,"y":0.9990805387496948,"z":0.03448193892836571,"w":-0.02548208273947239},"size":1370.8929443359375,"orthographic":true}