{"cameraMode":{"drawMode":0,"name":"Shaded","section":"Shading Mode"},"sceneLighting":true,"audioPlay":false,"sceneViewState":{"m_AlwaysRefresh":false,"showFog":true,"showSkybox":true,"showFlares":true,"showImageEffects":true,"showParticleSystems":true,"showVisualEffectGraphs":true,"m_FxEnabled":true},"in2DMode":false,"pivot":{"x":-1.3903999328613282,"y":-4.779361724853516,"z":26.580524444580079},"rotation":{"x":0.6411847472190857,"y":0.057386644184589389,"z":-0.0481792688369751,"w":0.7637209892272949},"size":34.44845199584961,"orthographic":true}