{"cameraMode":{"drawMode":0,"name":"Shaded","section":"Shading Mode"},"sceneLighting":true,"audioPlay":false,"sceneViewState":{"m_AlwaysRefresh":false,"showFog":true,"showSkybox":true,"showFlares":true,"showImageEffects":true,"showParticleSystems":true,"showVisualEffectGraphs":true,"m_FxEnabled":true},"in2DMode":false,"pivot":{"x":-2.804330825805664,"y":-1.7096214294433594,"z":21.369264602661134},"rotation":{"x":0.43558773398399355,"y":-0.19700957834720612,"z":0.09832314401865006,"w":0.8728109002113342},"size":31.62587547302246,"orthographic":true}