{"cameraMode":{"drawMode":0,"name":"Shaded","section":"Shading Mode"},"sceneLighting":true,"audioPlay":false,"sceneViewState":{"m_AlwaysRefresh":false,"showFog":true,"showSkybox":true,"showFlares":true,"showImageEffects":true,"showParticleSystems":true,"showVisualEffectGraphs":true,"m_FxEnabled":true},"in2DMode":false,"pivot":{"x":0.18303608894348145,"y":0.9346397519111633,"z":9.804728507995606},"rotation":{"x":0.0862150564789772,"y":-0.6976712346076965,"z":0.08518652617931366,"w":0.7060940265655518},"size":17.865278244018556,"orthographic":true}