{"cameraMode":{"drawMode":0,"name":"Shaded","section":"Shading Mode"},"sceneLighting":true,"audioPlay":false,"sceneViewState":{"m_AlwaysRefresh":false,"showFog":true,"showSkybox":true,"showFlares":true,"showImageEffects":true,"showParticleSystems":true,"showVisualEffectGraphs":true,"m_FxEnabled":true},"in2DMode":false,"pivot":{"x":0.35144519805908205,"y":-16.796234130859376,"z":22.831897735595704},"rotation":{"x":0.882381021976471,"y":-0.0007057844195514917,"z":0.0013235945953056217,"w":0.4705352485179901},"size":30.193275451660158,"orthographic":true}