{"cameraMode":{"drawMode":0,"name":"Shaded","section":"Shading Mode"},"sceneLighting":false,"audioPlay":false,"sceneViewState":{"m_AlwaysRefresh":false,"showFog":true,"showSkybox":false,"showFlares":true,"showImageEffects":true,"showParticleSystems":true,"showVisualEffectGraphs":true,"m_FxEnabled":true},"in2DMode":false,"pivot":{"x":0.010903656482696534,"y":0.04626500606536865,"z":-50.90941619873047},"rotation":{"x":-0.007789978291839361,"y":0.7605854868888855,"z":-0.009127440862357617,"w":-0.64913010597229},"size":82.43917083740235,"orthographic":true}