{"cameraMode":{"drawMode":0,"name":"Shaded","section":"Shading Mode"},"sceneLighting":false,"audioPlay":false,"sceneViewState":{"m_AlwaysRefresh":false,"showFog":true,"showSkybox":false,"showFlares":true,"showImageEffects":true,"showParticleSystems":true,"showVisualEffectGraphs":true,"m_FxEnabled":true},"in2DMode":false,"pivot":{"x":0.0032711029052734377,"y":0.013879507780075074,"z":-15.272825241088868},"rotation":{"x":-0.00001574301131768152,"y":0.9999446868896484,"z":0.0014998874394223095,"w":0.010499795898795128},"size":19.09458351135254,"orthographic":true}