{"cameraMode":{"drawMode":0,"name":"Shaded","section":"Shading Mode"},"sceneLighting":false,"audioPlay":false,"sceneViewState":{"m_AlwaysRefresh":false,"showFog":true,"showSkybox":false,"showFlares":true,"showImageEffects":true,"showParticleSystems":true,"showVisualEffectGraphs":true,"m_FxEnabled":true},"in2DMode":false,"pivot":{"x":-0.9899635314941406,"y":-3.427304267883301,"z":0.4647822678089142},"rotation":{"x":0.16512151062488557,"y":0.6910420656204224,"z":-0.16691374778747559,"w":0.6836211085319519},"size":13.275106430053711,"orthographic":true}