{"cameraMode":{"drawMode":0,"name":"Shaded","section":"Shading Mode"},"sceneLighting":false,"audioPlay":false,"sceneViewState":{"m_AlwaysRefresh":false,"showFog":true,"showSkybox":false,"showFlares":true,"showImageEffects":true,"showParticleSystems":true,"showVisualEffectGraphs":true,"m_FxEnabled":true},"in2DMode":false,"pivot":{"x":2.9440126419067385,"y":0.8875380754470825,"z":-0.21299999952316285},"rotation":{"x":0.025153502821922303,"y":-0.16360560059547425,"z":0.004172475077211857,"w":0.9861983060836792},"size":5.537644386291504,"orthographic":true}